1.4,118.4,0,0,0,5,2,84.57142857142857,0
2.4,216.4,0,0,0,10,2,90.16666666666667,0
2.0,196.0,0,0,0,10,2,98.0,0
9.6,2378.4,1,14,0,10,2,247.75,0
87.8,9328.4,0,6,0,10,2,106.24601366742597,0
106.8,12193.6,0,14,0,9,2,114.17228464419476,0
103.2,12036.4,0,20,2,11,2,116.63178294573643,0
2.2,217.4,0,0,1,10,2,98.81818181818181,0
34.4,3495.2,0,4,0,10,2,101.6046511627907,0
6.0,1664.8,1,7,0,10,2,277.46666666666664,0
5.2,875.2,0,7,0,10,2,168.30769230769232,0
87.8,8944.4,0,1,0,9,2,101.87243735763099,0
74.6,7625.2,0,9,0,11,2,102.21447721179625,0
4.0,460.0,0,5,0,10,2,115.0,0
11.4,2628.4,1,19,0,10,2,230.56140350877192,0
84.8,9059.2,0,8,2,9,3,106.83018867924528,0
88.2,9061.2,0,11,0,10,2,102.73469387755102,0
111.2,11740.0,0,27,0,10,2,105.57553956834532,0
115.4,12282.0,0,32,0,10,2,106.42980935875217,0
115.2,12216.8,0,35,0,10,2,106.04861111111111,0
111.8,11865.2,0,29,0,10,2,106.12880143112702,0
111.8,11856.4,0,32,0,10,2,106.05008944543829,0
111.4,11842.0,0,30,0,10,2,106.3016157989228,0
101.0,10614.0,0,9,0,10,2,105.08910891089108,0
95.4,9734.0,0,12,0,10,2,102.0335429769392,0
111.2,12758.4,0,28,0,10,2,114.73381294964028,0
115.6,13840.0,0,43,0,10,2,119.72318339100346,0
111.8,13352.4,0,38,0,10,2,119.43112701252237,0
110.8,13187.2,0,32,0,10,2,119.01805054151625,0
93.8,9841.2,0,12,0,10,2,104.91684434968018,0
90.0,9228.0,0,8,0,10,2,102.53333333333333,0
105.2,11442.4,0,15,0,10,2,108.7680608365019,0
110.4,13533.6,0,31,0,10,2,122.58695652173913,0
111.8,13900.4,0,40,0,10,2,124.33273703041145,0
104.8,12930.4,0,36,0,10,2,123.38167938931298,0
106.0,12954.4,0,30,0,10,2,122.21132075471698,0
109.2,13462.4,0,28,0,10,2,123.28205128205128,0
95.2,10520.0,0,22,0,10,2,110.50420168067227,0
106.4,13282.0,0,30,2,10,3,124.83082706766918,0
106.0,12316.4,0,27,0,10,2,116.19245283018869,0
95.2,10540.0,0,17,0,10,2,110.71428571428571,0
113.4,13958.0,0,33,0,10,2,123.08641975308642,0
103.0,11436.4,0,20,0,10,2,111.03300970873786,0
106.0,12406.4,0,27,0,10,2,117.04150943396226,0
112.4,13612.0,0,31,0,10,2,121.1032028469751,0
48.6,5021.2,0,6,0,10,2,103.31687242798354,0
4.0,440.0,0,5,0,11,2,110.0,0
48.4,4976.8,0,9,0,9,2,102.82644628099173,0
68.8,7063.2,0,8,0,11,2,102.66279069767442,0
58.4,6008.0,0,7,0,9,2,102.87671232876713,0
90.6,9883.6,0,10,0,10,2,109.09050772626932,0
100.6,11525.2,0,8,0,10,2,114.56461232604374,0
92.4,9494.4,0,9,0,10,2,102.75324675324676,0
76.2,7825.2,0,8,0,10,2,102.69291338582677,0
93.6,9712.8,0,11,0,10,2,103.76923076923077,0
93.4,10702.0,0,9,0,10,2,114.58244111349036,0
97.4,9997.2,0,10,0,10,2,102.64065708418892,0
96.6,9893.0,0,9,3,10,2,102.4120082815735,0
95.8,9938.8,0,9,0,10,2,103.74530271398747,0
93.4,9625.2,0,9,0,10,2,103.05353319057816,0
100.2,21412.4,0,17,0,10,2,213.69660678642714,0
81.6,19340.0,0,25,0,10,2,237.00980392156862,0
93.6,20600.8,0,20,0,10,2,220.0940170940171,0
93.2,9544.0,0,11,0,10,2,102.40343347639485,0
95.0,9891.6,0,6,0,10,2,104.12210526315789,0
94.4,9700.0,0,5,0,10,2,102.7542372881356,0
89.2,9227.2,0,8,0,10,2,103.4439461883408,0
97.6,10008.0,0,6,0,10,2,102.54098360655738,0
93.0,9531.6,0,7,0,10,2,102.49032258064516,0
84.0,8683.2,0,8,0,10,2,103.37142857142857,0
43.6,4474.4,0,6,0,10,2,102.62385321100918,0
97.2,10010.4,0,6,0,10,2,102.98765432098766,0
93.8,9615.6,0,8,0,10,2,102.51172707889125,0
95.8,10094.8,0,10,0,10,2,105.37369519832986,0
76.8,8511.2,0,9,0,10,2,110.82291666666667,0
98.0,25967.2,0,19,2,10,3,264.9714285714286,0
80.0,8967.2,0,12,0,10,2,112.09,0
94.2,9633.2,0,9,0,10,2,102.26326963906581,0
88.8,9125.6,0,8,0,10,2,102.76576576576576,0
95.6,9895.2,0,10,0,10,2,103.50627615062761,0
91.2,9414.4,0,16,0,10,2,103.2280701754386,0
89.2,9236.8,0,12,0,10,2,103.55156950672645,0
84.0,8603.2,0,8,0,10,2,102.41904761904762,0
45.0,4646.8,0,7,0,10,2,103.26222222222222,0
4.4,493.6,0,6,0,10,2,112.18181818181819,0
78.0,8074.4,0,13,0,10,2,103.51794871794871,0
97.0,10474.8,0,6,0,10,2,107.98762886597937,0
50.8,5263.2,0,8,0,8,2,103.60629921259843,0
33.6,3567.2,0,7,0,10,2,106.16666666666667,0
114.8,12748.8,0,28,0,10,2,111.05226480836237,0
113.2,12104.0,0,28,0,10,2,106.92579505300354,0
106.8,11157.6,0,16,0,10,2,104.47191011235955,0
98.0,10168.0,0,7,0,10,2,103.75510204081633,0
96.6,10126.0,0,7,0,10,2,104.824016563147,0
75.8,7970.8,0,11,0,10,2,105.15567282321899,0
93.6,9720.8,0,9,0,10,2,103.85470085470085,0
96.2,10893.2,0,13,0,10,2,113.23492723492724,0
102.2,13619.6,0,16,0,10,2,133.26418786692759,0
100.4,14072.0,0,19,2,10,3,140.1593625498008,0
99.2,12793.2,0,13,0,10,2,128.96370967741936,0
94.6,12263.6,0,22,0,10,2,129.63636363636363,0
81.8,9445.2,0,9,0,10,2,115.46699266503667,0
102.2,13008.4,0,26,0,10,2,127.28375733855187,0
100.6,11890.0,0,10,0,10,2,118.19085487077535,0
100.4,12364.8,0,15,0,10,2,123.15537848605578,0
85.6,10809.6,0,25,0,10,2,126.2803738317757,0
103.2,12664.0,0,14,0,10,2,122.71317829457364,0
91.4,10882.0,0,19,0,10,2,119.05908096280088,0
91.8,9556.4,0,7,0,10,2,104.10021786492375,0
80.0,8236.0,0,9,0,10,2,102.95,0
95.2,9760.0,0,8,0,10,2,102.52100840336135,0
91.6,9453.6,0,10,0,10,2,103.20524017467248,0
86.2,9232.4,0,12,0,10,2,107.10440835266822,0
4.8,526.4,0,7,0,11,2,109.66666666666667,0
4.4,493.6,0,6,0,10,2,112.18181818181819,0
51.6,5281.6,0,10,0,10,2,102.35658914728683,0
98.0,10438.4,0,10,0,9,2,106.51428571428572,0
95.6,9907.2,0,7,0,10,2,103.63179916317992,0
91.2,9399.2,0,9,0,10,2,103.06140350877193,0
95.6,9852.8,0,9,0,10,2,103.06276150627615,0
92.4,9481.6,0,9,0,10,2,102.61471861471861,0
94.6,9796.4,0,8,0,10,2,103.55602536997885,0
91.8,9438.0,0,7,0,10,2,102.81045751633987,0
87.4,8921.2,0,12,0,10,2,102.07322654462243,0
71.2,7349.6,0,11,0,10,2,103.2247191011236,0
90.2,9264.4,0,12,0,10,2,102.70953436807095,0
75.6,7779.2,0,15,0,10,2,102.8994708994709,0
100.4,10352.8,0,8,0,10,2,103.11553784860558,0
98.6,10218.0,0,9,0,10,2,103.63083164300203,0
94.6,12329.2,0,13,0,10,2,130.32980972515855,0
98.6,10123.6,0,7,0,10,2,102.67342799188641,0
89.4,9170.8,0,13,0,10,2,102.58165548098434,0
97.8,10061.2,0,11,0,10,2,102.87525562372188,0
100.2,10372.4,0,8,0,10,2,103.51696606786427,0
100.0,13011.2,0,17,2,10,3,130.112,0
100.2,10370.0,0,8,0,10,2,103.49301397205589,0
103.2,10679.2,0,8,0,10,2,103.48062015503876,0
97.2,9996.0,0,8,0,10,2,102.8395061728395,0
94.4,9679.2,0,10,0,10,2,102.53389830508475,0
97.4,9965.2,0,8,0,10,2,102.31211498973306,0
116.2,164869.2,0,55,0,10,2,1418.8399311531841,0
83.2,209881.6,0,27,0,10,2,2522.6153846153848,0
97.0,10008.4,0,7,0,10,2,103.17938144329896,0
102.6,10550.0,0,12,0,10,2,102.82651072124756,0
101.4,10448.4,0,8,0,10,2,103.0414201183432,0
92.8,9557.6,0,9,0,10,2,102.99137931034483,0
88.4,9046.4,0,9,0,10,2,102.33484162895928,0
104.6,211019.6,0,95,0,10,2,2017.395793499044,0
101.2,10449.6,0,9,0,10,2,103.25691699604744,0
103.0,10639.6,0,7,0,10,2,103.29708737864078,0
98.8,10223.2,0,6,0,10,2,103.47368421052632,0
102.4,25797.6,0,19,0,10,2,251.9296875,0
104.2,10680.4,0,5,0,10,2,102.49904030710172,0
103.6,10632.0,0,5,0,10,2,102.62548262548262,0
86.4,8850.4,0,7,0,10,2,102.43518518518519,0
102.6,14386.8,0,11,0,10,2,140.22222222222223,0
89.0,9072.4,0,13,0,10,2,101.9370786516854,0
91.4,13373.2,0,12,2,10,3,146.31509846827134,0
98.6,13974.4,0,13,0,10,2,141.72819472616632,0
92.8,9415.8,0,21,3,10,2,101.46336206896552,0
95.0,22802.0,0,24,0,10,2,240.02105263157895,0
104.8,28032.0,0,10,0,10,2,267.48091603053433,0
101.6,10496.8,0,7,0,10,2,103.31496062992126,0
103.0,11162.8,0,11,0,10,2,108.37669902912621,0
75.6,11627.2,0,13,0,10,2,153.7989417989418,0
94.8,9721.6,0,5,0,10,2,102.54852320675106,0
96.8,26968.8,0,27,0,9,2,278.60330578512395,0
97.6,10009.6,0,5,0,9,2,102.55737704918033,0
79.2,19571.2,0,12,0,10,2,247.11111111111111,0
87.0,8890.0,0,10,0,10,2,102.183908045977,0
95.0,26750.8,0,21,0,10,2,281.58736842105264,0
93.8,9598.0,0,14,0,10,2,102.32409381663113,0
66.0,16338.4,0,22,0,10,2,247.55151515151516,0
101.0,10433.2,0,8,0,10,2,103.2990099009901,0
104.0,24641.6,0,14,0,10,2,236.93846153846152,0
99.8,10285.2,0,6,0,10,2,103.05811623246493,0
375.8,1702898.8,0,364,0,9,2,4531.396487493347,0
80.6,8230.8,0,11,0,9,2,102.11910669975187,0
487.0,1885058.0,0,512,0,10,2,3870.7556468172484,0
85.2,8781.6,0,8,0,10,2,103.07042253521126,0
182.8,434161.6,0,93,0,10,2,2375.0634573304155,0
97.8,10065.2,0,8,0,10,2,102.9161554192229,0
167.2,423776.0,0,99,0,10,2,2534.5454545454545,0
97.0,10012.4,0,6,0,10,2,103.22061855670103,0
79.2,8081.6,0,23,0,10,2,102.04040404040404,0
31.6,3262.4,0,7,0,10,2,103.24050632911393,0
87.6,9096.0,0,9,0,10,2,103.83561643835617,0
72.2,7442.0,0,9,0,10,2,103.07479224376732,0
94.4,9714.4,0,5,0,10,2,102.90677966101696,0
99.2,10366.4,0,8,0,10,2,104.5,0
85.6,8752.8,0,10,0,10,2,102.25233644859813,0
96.6,10092.4,0,9,0,10,2,104.47619047619048,0
85.8,8792.4,0,7,0,10,2,102.47552447552448,0
87.8,9050.0,0,14,0,10,2,103.0751708428246,0
81.6,8548.8,0,12,2,10,3,104.76470588235294,0
98.0,16803.2,0,12,0,10,2,171.4612244897959,0
92.6,9602.8,0,7,0,10,2,103.70194384449245,0
96.4,185034.4,0,25,0,10,2,1919.4439834024897,0
97.4,14970.8,0,15,0,10,2,153.70431211498973,0
82.8,8594.4,0,8,0,10,2,103.79710144927536,0
99.6,10212.8,0,5,0,10,2,102.53815261044177,0
94.0,15960.0,0,18,0,10,2,169.7872340425532,0
92.0,9517.6,0,12,0,10,2,103.45217391304348,0
92.2,20061.2,0,15,0,10,2,217.5835140997831,0
92.8,9608.8,0,9,0,10,2,103.54310344827586,0
96.4,33887.2,0,21,0,10,2,351.52697095435684,0
88.2,9022.8,0,9,0,10,2,102.29931972789116,0
87.8,9086.0,0,12,0,10,2,103.48519362186788,0
101.4,10584.4,0,6,0,10,2,104.38264299802762,0
99.0,10239.6,0,7,0,10,2,103.43030303030304,0
82.8,8545.6,0,12,0,10,2,103.20772946859903,0
97.0,9987.6,0,9,0,10,2,102.96494845360824,0
89.8,9304.4,0,7,0,10,2,103.61247216035635,0
95.6,9859.2,0,9,0,10,2,103.1297071129707,0
102.4,10596.8,0,9,0,10,2,103.484375,0
100.6,10366.0,0,7,0,10,2,103.04174950298211,0
97.8,10117.2,0,9,0,10,2,103.4478527607362,0
101.0,10538.0,0,7,2,10,3,104.33663366336634,0
83.8,8495.2,0,17,0,10,2,101.37470167064438,0
101.2,10452.8,0,7,0,10,2,103.28853754940711,0
88.4,9124.8,0,7,0,10,2,103.22171945701358,0
92.0,9544.8,0,7,0,10,2,103.74782608695652,0
85.2,8773.6,0,9,0,10,2,102.97652582159624,0
98.2,10272.4,0,6,0,10,2,104.60692464358452,0
93.6,9576.8,0,7,0,8,2,102.31623931623932,0
100.2,10325.2,0,7,0,10,2,103.04590818363273,0
100.0,10359.2,0,7,0,10,2,103.592,0
98.2,10142.8,0,6,0,10,2,103.28716904276986,0
94.4,9892.0,0,13,0,10,2,104.78813559322033,0
100.0,10361.6,0,13,0,10,2,103.616,0
96.2,9982.0,0,6,0,10,2,103.76299376299376,0
88.4,9107.2,0,9,0,10,2,103.02262443438914,0
87.6,9013.6,0,8,0,10,2,102.89497716894977,0
93.4,9722.8,0,9,0,10,2,104.09850107066381,0
90.8,9476.8,0,10,0,10,2,104.37004405286343,0
103.0,10618.0,0,6,0,10,2,103.0873786407767,0
100.8,10405.6,0,6,0,10,2,103.23015873015873,0
97.2,9934.4,0,7,0,10,2,102.20576131687243,0
101.4,10733.2,0,8,0,10,2,105.85009861932939,0
93.6,9588.0,0,8,0,10,2,102.43589743589743,0
96.4,10324.0,0,10,0,10,2,107.0954356846473,0
96.8,10201.6,0,8,0,10,2,105.38842975206612,0
81.0,8299.6,0,7,0,10,2,102.4641975308642,0
48.0,4934.4,0,7,0,11,2,102.8,0
0.2,64.8,0,0,1,0,1,324.0,1
3642.4,203226.4,9995,20,1,0,3,55.794640896112455,1
4093.4,231624.0,8608,0,0,0,2,56.58474617677236,1
3864.4,218628.0,8159,0,0,0,2,56.57488872787496,1
4237.2,239742.0,8746,0,0,0,2,56.580288870008495,1
3931.8,222326.4,8309,0,0,0,2,56.54570425759194,1
3637.4,205758.0,7690,0,0,0,2,56.56732831143124,1
1060.2,60118.8,2142,0,0,0,2,56.70514997170345,1
847.8,46624.8,2801,0,0,0,2,54.99504600141543,1
780.8,42698.4,2829,0,0,0,2,54.685450819672134,1
845.0,46136.4,3188,3,0,0,2,54.5992899408284,1
1130.8,61834.8,4030,2,0,0,2,54.682348779625045,1
2826.8,153853.2,11735,10,0,0,2,54.426630819300975,1
2044.2,111510.0,8124,7,0,0,2,54.549457000293515,1
1099.4,61051.2,2937,5,0,0,2,55.53138075313807,1
702.0,39891.6,1400,7,0,0,2,56.825641025641026,1
917.2,50240.4,3330,0,0,0,2,54.77583951155691,1
953.2,53320.8,2131,3,0,0,2,55.9387326898867,1
969.2,55075.2,1966,0,0,0,2,56.82542302930252,1
961.8,54655.2,1990,0,0,0,2,56.82595134123518,1
904.4,51399.6,1886,0,0,0,2,56.8328173374613,1
920.0,50384.4,3355,0,0,0,2,54.76565217391305,1
948.0,53946.0,1569,10,0,0,2,56.90506329113924,1
980.6,55728.0,2057,0,0,0,2,56.830511931470525,1
2354.0,128234.4,9656,3,0,0,2,54.475106202209005,1
3808.6,207400.8,15360,11,0,0,2,54.455915559523184,1
3556.0,193736.4,14352,15,0,0,2,54.481552305961756,1
3037.2,166255.2,11383,15,0,0,2,54.73962860529435,1
3657.4,207448.8,7682,49,0,0,2,56.7202931043911,1
3350.2,189674.4,7382,5,0,0,2,56.61584383021909,1
3454.4,194886.0,7643,3,0,0,2,56.41674386289949,1
2905.2,164134.8,6226,0,0,0,2,56.49690210656753,1
3720.0,210938.4,8255,0,0,0,2,56.703870967741935,1
3597.4,203947.2,7940,0,0,0,2,56.69294490465336,1
3594.8,203929.2,7919,3,0,0,2,56.7289418048292,1
3520.6,199598.4,7798,6,0,0,2,56.69442708629211,1
2766.2,156825.6,6194,0,0,0,2,56.693514568722435,1
4118.2,230100.4,11631,5,1,0,2,55.87402263124666,1
3709.6,208716.0,9120,0,0,0,2,56.2637481130041,1
3685.2,208851.6,8222,0,0,0,2,56.67307066102247,1
3871.6,219367.2,8566,0,0,0,2,56.660605434445706,1
3694.4,209281.2,8117,0,0,0,2,56.648224339540924,1
2599.0,147319.2,5752,0,0,0,2,56.68303193535975,1
3732.6,211556.4,8317,0,0,0,2,56.67802604082945,1
3118.8,173170.8,9323,13,0,0,2,55.524817237399,1
3391.4,192315.6,6799,6,0,0,2,56.70684672996403,1
3357.2,189950.4,7503,0,0,0,2,56.58000714881449,1
3537.4,200599.2,7840,0,0,0,2,56.70809068807599,1
3770.4,211477.2,9842,6,0,0,2,56.08879694462126,1
3650.8,205285.2,9395,0,0,0,2,56.23019612139805,1
2528.6,137588.4,10365,3,0,0,2,54.41287669065886,1
3918.6,214623.6,14797,18,0,0,2,54.77047925279437,1
3829.6,210326.4,13618,14,0,0,2,54.92124503864633,1
3629.6,200253.6,11967,27,0,0,2,55.1723605906987,1
3613.4,198079.2,13423,6,0,0,2,54.81795538827697,1
4013.6,218634.0,16231,18,0,0,2,54.473290811241775,1
3928.6,213993.6,15977,11,0,0,2,54.47070203125796,1
3036.0,170245.2,7599,19,0,0,2,56.075494071146245,1
2752.0,153478.8,7529,11,0,0,2,55.769912790697674,1
1475.0,83355.6,2988,0,0,0,2,56.51227118644068,1
4347.8,245612.4,9158,0,0,0,2,56.49119094714568,1
4312.0,243625.2,9107,0,0,0,2,56.499350649350646,1
4020.6,227341.2,8509,0,0,0,2,56.544097895836444,1
4216.4,238339.2,8772,0,0,0,2,56.52670524618158,1
4291.0,233624.4,17543,6,0,0,2,54.44521090654859,1
4397.2,239288.4,17771,10,0,0,2,54.418357136359504,1
4703.2,255866.4,19376,7,0,0,2,54.402619493111075,1
3959.2,215722.8,15872,12,0,0,2,54.48646191149727,1
4617.6,251318.4,18870,9,0,0,2,54.42619542619543,1
3406.6,185660.4,13300,15,0,0,2,54.50020548347326,1
4017.0,219004.8,15745,13,0,0,2,54.51949215832711,1
4798.4,261276.0,19552,14,0,0,2,54.450650216738914,1
3671.4,199874.4,15043,11,0,0,2,54.44092171923517,1
4434.2,241464.0,17825,10,0,0,2,54.454918587343826,1
4847.0,264003.6,19766,15,0,0,2,54.46742314833918,1
3663.2,207519.6,7032,35,0,0,2,56.64981436994977,1
4566.0,258181.2,9490,4,0,0,2,56.544283837056504,1
4414.6,249537.6,9318,0,0,0,2,56.52552892674308,1
4523.4,255784.8,9462,0,0,0,2,56.54702215147898,1
3956.4,215526.0,15967,5,0,0,2,54.47528055808311,1
4788.6,260884.8,19361,9,0,0,2,54.48039092845508,1
4780.8,260432.4,19324,15,0,0,2,54.47464859437751,1
4435.8,241669.2,17832,9,0,0,2,54.48153658866495,1
3991.8,217216.8,16236,8,0,0,2,54.41575229219901,1
4157.8,235152.0,8339,67,0,0,2,56.55683294049738,1
4266.6,241395.6,9005,0,0,0,2,56.57797778090283,1
4520.6,255617.6,9564,0,2,0,3,56.54506039021369,1
4653.4,262952.4,9612,0,0,0,2,56.50758585120557,1
4644.6,262573.2,9708,0,0,0,2,56.53300607156698,1
4462.6,252154.8,9379,0,0,0,2,56.50401111459687,1
4552.8,247809.6,18669,3,0,0,2,54.4301528729573,1
4767.8,259822.8,19015,8,0,0,2,54.4953227903855,1
4392.2,248724.0,8607,147,0,0,2,56.62856882655617,1
4239.0,231157.2,16663,16,0,0,2,54.5310686482661,1
2197.4,121873.2,6094,11,0,0,2,55.46245562938017,1
557.8,30416.4,2245,0,0,0,2,54.52922194334887,1
3924.6,214060.8,15391,23,0,0,2,54.5433419966366,1
4564.4,248127.6,19502,10,0,0,2,54.36149329594251,1
4516.2,245974.8,18223,10,0,0,2,54.46499269297197,1
3840.0,209407.2,14794,10,0,0,2,54.533125,1
3939.6,214639.2,15488,18,0,0,2,54.482485531526045,1
3949.2,220200.0,10915,27,0,0,2,55.758128228501974,1
4302.0,236604.0,15136,13,0,0,2,54.99860529986053,1
4578.8,253641.6,14148,27,0,0,2,55.394775923822834,1
3841.6,217340.4,8007,1,0,0,2,56.57548937942524,1
4421.4,250221.6,9168,17,0,0,2,56.59329624100963,1
3647.6,206304.0,7735,0,0,0,2,56.55883320539533,1
4427.4,250314.0,9291,0,0,0,2,56.5374712020599,1
4384.8,248089.2,9172,0,0,0,2,56.57936507936508,1
3379.2,191151.6,7140,0,0,0,2,56.56711647727273,1
4491.2,254048.4,9262,0,0,0,2,56.565817598859994,1
4489.8,253855.2,9456,0,0,0,2,56.54042496325003,1
4368.6,246992.4,9174,0,0,0,2,56.53811289658014,1
3646.0,198520.8,14922,1,0,0,2,54.44893033461327,1
5105.0,277927.2,20845,21,0,0,2,54.44215475024486,1
5009.6,272766.0,20441,12,0,0,2,54.44865857553497,1
4969.2,270630.0,20290,17,0,0,2,54.461482733639215,1
3160.2,171622.8,13737,4,0,0,2,54.307575469906965,1
4691.0,259056.0,15239,39,0,0,2,55.22404604561927,1
4395.0,239371.2,17622,9,0,0,2,54.46443686006826,1
4164.0,226726.8,16875,11,0,0,2,54.4492795389049,1
3591.6,197948.4,12521,18,0,0,2,55.11426662211828,1
4042.6,220495.2,15465,8,0,0,2,54.542917924108245,1
4141.8,227326.8,14876,21,0,0,2,54.885991597856005,1
4168.0,227484.0,16223,12,0,0,2,54.57869481765835,1
4286.6,235510.8,14993,24,0,0,2,54.94116549246489,1
4293.6,234030.0,16973,10,0,0,2,54.506707657909445,1
4164.8,226970.4,16483,17,0,0,2,54.49731079523627,1
4129.0,225015.6,16432,12,0,0,2,54.49639137805764,1
4065.0,226446.0,11420,52,0,0,2,55.70627306273063,1
4085.2,230466.0,8739,11,0,0,2,56.4148634093802,1
4148.8,234021.6,8789,3,0,0,2,56.40705746239877,1
4269.0,240890.4,9085,0,0,0,2,56.42782853127196,1
1896.6,107089.6,4007,0,1,0,2,56.46398818939154,1
1425.0,77787.6,5491,0,0,0,2,54.58778947368421,1
3746.6,204949.2,13994,18,0,0,2,54.702717130198046,1
3541.8,193743.6,13370,13,0,0,2,54.702015924106384,1
4223.2,237697.2,9153,53,0,0,2,56.28367114983899,1
4492.8,253531.2,9296,7,0,0,2,56.43055555555556,1
4498.6,253447.2,9389,0,0,0,2,56.339127728626686,1
4262.4,240589.2,8920,0,0,0,2,56.444538288288285,1
4270.4,241064.4,8803,0,0,0,2,56.45007493443237,1
4576.2,258336.0,9518,0,0,0,2,56.45207814343779,1
4069.2,229545.6,8502,0,0,0,2,56.41049837805957,1
4786.2,270133.2,9834,0,0,0,2,56.44001504324934,1
3592.6,202934.4,7459,0,0,0,2,56.48677837777654,1
4667.8,263661.6,9674,0,0,0,2,56.48519645229016,1
4848.4,264872.4,18934,14,0,0,2,54.630888540549456,1
3527.0,192579.6,13771,18,0,0,2,54.601531046214916,1
4740.6,259921.2,17576,11,0,0,2,54.82875585368941,1
4113.2,232309.2,8437,38,0,0,2,56.47894583292813,1
3075.2,173463.6,6519,7,0,0,2,56.40725806451613,1
4143.4,233869.6,8875,0,1,0,3,56.443886663126904,1
3657.6,202182.0,11487,1,0,0,2,55.27723097112861,1
3933.4,215952.0,14065,22,0,0,2,54.90212030304571,1
4142.0,226998.0,15314,24,0,0,2,54.80395943988412,1
2838.0,155882.4,10362,13,0,0,2,54.926849894291756,1
3977.8,217116.0,15542,14,0,0,2,54.58192970988989,1
3072.2,169476.0,10227,26,0,0,2,55.16437731918495,1
1097.0,62150.4,1811,3,0,0,2,56.654876937101186,1
910.4,50976.0,1993,1,0,0,2,55.99297012302285,1
2037.4,113206.8,6006,0,0,0,2,55.56434671640326,1
3094.6,171242.4,9039,10,0,0,2,55.335875395850834,1
4558.0,248569.2,18344,28,0,0,2,54.534708205353226,1
3963.0,216687.6,15038,5,0,0,2,54.6776684330053,1
1985.4,108792.0,7372,10,0,0,2,54.79601087941976,1
3900.2,213255.6,14662,12,0,0,2,54.678119070816884,1
4065.6,225159.6,12615,22,0,0,2,55.38164108618654,1
3777.4,207680.4,12994,14,0,0,2,54.97972150156192,1
1124.4,63004.8,2328,12,0,0,2,56.034151547491994,1
17.2,980.4,0,0,0,0,2,57.0,1
2152.2,121405.2,4459,0,0,0,2,56.40981321438528,1
4040.8,227806.8,8503,0,0,0,2,56.37665808750742,1
3900.4,217968.0,10187,0,0,0,2,55.88349912829453,1
3991.2,218854.8,14623,11,0,0,2,54.83433553818401,1
3689.2,201462.0,14268,8,0,0,2,54.608587227583214,1
4293.4,233820.0,17740,9,0,0,2,54.460334466856104,1
4566.8,249050.4,18393,11,0,0,2,54.53499167907506,1
4078.8,222633.6,16208,18,0,0,2,54.58311268020006,1
4444.8,242522.4,17747,18,0,0,2,54.56317494600432,1
3344.8,182715.6,12704,9,0,0,2,54.626763932073665,1
4077.8,222727.2,15711,9,0,0,2,54.619451665113544,1
3097.8,169350.0,11616,13,0,0,2,54.667828781716054,1
4545.8,247825.2,18276,15,0,0,2,54.51740067754851,1
4622.4,252052.8,18608,10,0,0,2,54.52855659397716,1
3663.8,207326.4,7050,28,0,0,2,56.58780501119057,1
4670.8,263761.2,9687,0,0,0,2,56.47024064400103,1
4816.6,272050.8,9994,0,0,0,2,56.48191670472948,1
3433.0,193804.8,7245,0,0,0,2,56.453480920477716,1
4843.4,263942.4,19779,5,0,0,2,54.49527191642235,1
4384.2,239204.4,17547,16,0,0,2,54.56055836868756,1
4455.6,242952.0,17809,11,0,0,2,54.527336385671966,1
3037.8,165989.6,11932,4,2,0,3,54.64138521298308,1
4529.0,247015.2,18072,16,0,0,2,54.54078162949879,1
4990.4,271776.0,20506,13,0,0,2,54.45976274446938,1
3800.0,213171.6,9194,44,0,0,2,56.09778947368421,1
4639.0,262069.2,9589,2,0,0,2,56.49260616512179,1
4024.0,227198.4,8276,0,0,0,2,56.460834990059645,1
4415.4,249543.6,9289,0,0,0,2,56.51664628346243,1
4519.6,255495.6,9442,0,0,0,2,56.5305779272502,1
4771.8,269128.8,9877,0,0,0,2,56.39984911354206,1
4688.2,264694.8,9769,0,0,0,2,56.459792670961136,1
4605.0,260088.0,9620,0,0,0,2,56.47947882736156,1
4361.8,246373.2,9092,0,0,0,2,56.48429547434545,1
4528.6,253943.2,11552,0,2,0,3,56.075431700746364,1
4756.6,259350.0,19300,13,0,0,2,54.524240003363744,1
4460.6,248674.8,12079,20,0,0,2,55.74918172443169,1
3223.4,179523.6,8590,10,0,0,2,55.69386362226221,1
3532.2,194900.4,11822,11,0,0,2,55.1781892305079,1
4140.4,232549.2,9190,26,0,0,2,56.16587769297652,1
4263.0,240127.2,9657,0,0,0,2,56.32821956368755,1
3379.0,191210.4,7511,0,0,0,2,56.5878662326132,1
1474.6,80679.6,5516,2,0,0,2,54.71287128712871,1
4515.0,246721.2,17593,17,0,0,2,54.644784053156144,1
4296.8,234210.0,17400,5,0,0,2,54.50800595792217,1
3873.2,211239.6,15355,17,0,0,2,54.53877930393473,1
4089.8,223180.8,16169,14,0,0,2,54.570101227443885,1
4055.0,223302.0,13592,15,0,0,2,55.068310727496915,1
3966.4,216235.2,15871,6,0,0,2,54.51674062121823,1
3523.2,192295.2,14006,9,0,0,2,54.57970027247956,1
4124.6,224571.6,17181,13,0,0,2,54.4468796974252,1
3657.0,200539.2,13807,18,0,0,2,54.83707957342084,1
4080.4,224356.8,14302,17,0,0,2,54.98402117439467,1
4162.4,231512.4,11915,25,0,0,2,55.61993080914857,1
3322.4,187449.6,6997,10,0,0,2,56.41993739465447,1
3756.6,206262.0,13343,27,0,0,2,54.90656444657403,1
1479.2,80736.0,5659,2,0,0,2,54.58085451595457,1
3741.4,204601.2,13961,8,0,0,2,54.6857326134602,1
3665.4,200344.8,13880,12,0,0,2,54.658372892453755,1
3787.8,207560.4,13847,15,0,0,2,54.79708537937589,1
3659.2,200468.4,13511,14,0,0,2,54.784761696545694,1
3719.0,203266.8,14045,10,0,0,2,54.65630545845657,1
3554.4,194260.8,13397,14,0,0,2,54.65361242403781,1
4078.4,227757.6,10441,25,0,0,2,55.84484111416241,1
3299.6,181214.4,11503,14,0,0,2,54.92011152867014,1
3850.0,210250.8,14884,17,0,0,2,54.6105974025974,1
3422.8,187002.0,12990,12,0,0,2,54.634217599626034,1
4086.6,224702.4,14291,21,0,0,2,54.985171046836,1
3601.0,196221.6,14788,8,0,0,2,54.49086364898639,1
4082.6,222943.2,15828,20,0,0,2,54.60814187037672,1
3836.2,209872.8,14537,10,0,0,2,54.708513633282934,1
3928.2,222040.8,7953,41,0,0,2,56.52482052848633,1
4174.2,232628.4,11326,8,0,0,2,55.73005605864597,1
4192.2,234362.4,10910,0,0,0,2,55.904393874338055,1
4073.2,227094.0,10922,24,0,0,2,55.75321614455465,1
3474.2,196317.6,7115,0,0,0,2,56.50728225202924,1
4631.6,261518.4,9572,0,0,0,2,56.46394334571207,1
4735.4,267342.0,9720,7,0,0,2,56.45605439878363,1
4459.6,251959.2,8926,3,0,0,2,56.49816127006906,1
3085.2,174230.4,6440,0,0,0,2,56.472967716841694,1
4951.6,279595.2,10086,0,0,0,2,56.465627271992894,1
3950.6,216542.4,14285,21,0,0,2,54.81253480483977,1
3811.2,209786.4,12808,11,0,0,2,55.04471032745592,1
4162.0,234166.8,9382,9,0,0,2,56.26304661220567,1
4282.4,241533.6,9010,0,0,0,2,56.40145712684476,1
2147.6,118089.6,7401,5,0,0,2,54.98677593592848,1
3765.0,205790.4,14368,17,0,0,2,54.658804780876494,1
4241.0,236191.2,11941,27,0,0,2,55.692336713039374,1
4218.0,231140.4,15740,24,0,0,2,54.79857752489331,1
222.8,9402.4,0,0,1106,8,2,42.20107719928187,2
487.6,20514.4,0,0,2429,5,2,42.07219031993437,2
403.2,16962.4,0,0,2011,5,2,42.06944444444444,2
494.8,20809.6,0,0,2469,5,2,42.05658852061439,2
481.6,20255.2,0,0,2403,5,2,42.05813953488372,2
433.8,18247.6,0,0,2164,5,2,42.064545873674504,2
514.6,21644.8,0,0,2566,5,2,42.06140691799456,2
465.0,19558.0,0,0,2320,5,2,42.06021505376344,2
142.6,6028.4,0,0,706,7,2,42.274894810659184,2
457.2,19234.0,0,0,2279,5,2,42.06911636045494,2
459.6,19331.2,0,0,2293,5,2,42.0609225413403,2
446.8,18793.6,0,0,2229,5,2,42.0626678603402,2
477.4,20252.0,0,0,2378,5,3,42.42144951822371,2
459.0,19309.6,0,0,2288,5,2,42.06884531590414,2
478.4,20124.4,0,0,2385,5,2,42.06605351170568,2
507.6,21347.2,0,0,2533,5,2,42.055161544523244,2
498.8,20977.6,0,0,2489,5,2,42.05613472333601,2
462.8,19465.6,0,0,2309,5,2,42.06050129645635,2
494.2,20788.0,0,0,2464,5,2,42.06394172399838,2
468.4,19700.8,0,0,2337,5,2,42.0597779675491,2
506.0,21280.0,0,0,2525,5,2,42.055335968379445,2
499.4,21006.4,0,0,2490,5,2,42.06327593111734,2
487.8,20515.6,0,0,2434,5,2,42.05740057400574,2
472.8,19889.2,0,0,2357,5,2,42.0668358714044,2
493.2,20916.0,0,0,2459,5,3,42.40875912408759,2
455.6,19170.4,0,0,2271,5,2,42.077260755048286,2
492.8,20725.6,0,0,2459,5,2,42.05681818181818,2
469.8,19759.6,0,0,2344,5,2,42.05959982971477,2
456.4,19200.4,0,0,2275,5,2,42.069237510955304,2
417.8,17575.6,0,0,2084,5,2,42.06701771182384,2
442.0,18595.6,0,0,2203,5,2,42.07149321266969,2
504.6,21221.2,0,0,2518,5,2,42.055489496631,2
507.0,21322.0,0,0,2530,5,2,42.05522682445759,2
475.8,20015.2,0,0,2372,5,2,42.066414459857086,2
508.0,21364.0,0,0,2535,5,2,42.05511811023622,2
430.6,18113.2,0,0,2148,5,2,42.06502554575012,2
464.8,19549.6,0,0,2319,5,2,42.06024096385542,2
430.2,18096.4,0,0,2146,5,2,42.0650860065086,2
381.4,16050.4,0,0,1900,5,2,42.082852648138434,2
511.8,21527.2,0,0,2552,5,2,42.06174286830793,2
469.2,19734.4,0,0,2341,5,2,42.05967604433078,2
447.4,18818.8,0,0,2232,5,2,42.062583817612875,2
478.8,20137.6,0,0,2389,5,2,42.058479532163744,2
497.6,20927.2,0,0,2483,5,2,42.056270096463024,2
471.0,19813.6,0,0,2348,5,2,42.067091295116775,2
471.8,19843.6,0,0,2354,5,2,42.0593471810089,2
458.2,19272.4,0,0,2286,5,2,42.061108686163244,2
434.0,18256.0,0,0,2165,5,2,42.064516129032256,2
396.0,16663.6,0,0,1973,5,2,42.07979797979798,2
484.6,20384.8,0,0,2416,5,2,42.0652084193149,2
511.0,21490.0,0,0,2550,5,2,42.054794520547944,2
466.6,19625.2,0,0,2328,5,2,42.06000857265324,2
520.2,21876.4,0,0,2596,5,2,42.053825451749326,2
446.2,18768.4,0,0,2226,5,2,42.06275212909009,2
478.2,20121.6,0,0,2383,6,2,42.077791718946045,2
443.8,18667.6,0,0,2214,5,2,42.063091482649845,2
488.0,20527.6,0,0,2433,5,2,42.06475409836066,2
460.8,19381.6,0,0,2299,5,2,42.060763888888886,2
474.4,19952.8,0,0,2367,5,2,42.05902192242833,2
493.8,20767.6,0,0,2464,5,2,42.05670311867153,2
463.6,19502.8,0,0,2311,5,2,42.06816220880069,2
441.0,18550.0,0,0,2200,5,2,42.06349206349206,2
477.4,20078.8,0,0,2382,5,2,42.058651026392965,2
371.0,15610.0,0,0,1850,5,2,42.075471698113205,2
394.4,16596.4,0,0,1965,5,2,42.080121703853955,2
437.8,18419.2,0,0,2182,5,2,42.072179077204204,2
409.0,17206.0,0,0,2040,5,2,42.06845965770171,2
432.4,18188.8,0,0,2157,5,2,42.06475485661424,2
408.6,17189.2,0,0,2038,5,2,42.068526676456194,2
378.0,15904.0,0,0,1885,5,2,42.074074074074076,2
366.6,15428.8,0,0,1826,5,2,42.08619749045281,2
519.2,21834.4,0,0,2591,5,2,42.05392912172573,2
527.8,22368.8,0,0,2630,5,3,42.38120500189466,2
455.0,19141.6,0,0,2268,5,2,42.06945054945055,2
476.8,20053.6,0,0,2379,5,2,42.058724832214764,2
497.8,20935.6,0,0,2484,5,2,42.056247488951385,2
488.2,20536.0,0,0,2434,5,2,42.064727570667756,2
460.6,19373.2,0,0,2298,5,2,42.06079027355623,2
471.6,19835.2,0,0,2353,5,2,42.05937234944869,2
506.0,21280.0,0,0,2525,5,2,42.055335968379445,2
483.4,20334.4,0,0,2410,5,2,42.065370293752586,2
496.4,20880.4,0,0,2475,5,2,42.06365834004835,2
468.6,19709.2,0,0,2338,5,2,42.05975245411865,2
455.6,19163.2,0,0,2273,5,2,42.06145741878841,2
521.8,22117.2,0,0,2602,5,3,42.38635492525872,2
453.0,19061.2,0,0,2258,5,2,42.077704194260484,2
477.2,20070.4,0,0,2381,5,2,42.05867560771165,2
458.2,19307.4,0,0,2286,5,2,42.137494543867305,2
455.0,19141.6,0,0,2268,5,2,42.06945054945055,2
475.2,19990.0,0,0,2369,5,2,42.06649831649832,2
435.4,18314.8,0,0,2172,5,2,42.064308681672024,2
508.6,21389.2,0,0,2538,5,2,42.05505308690523,2
455.6,19163.2,0,0,2273,5,2,42.06145741878841,2
424.6,17861.2,0,0,2118,5,2,42.065944418276025,2
471.4,19826.8,0,0,2352,5,2,42.059397539244806,2
419.8,17659.6,0,0,2094,5,2,42.06669842782277,2
464.6,19544.8,0,0,2316,5,2,42.06801549720189,2
484.0,20359.6,0,0,2413,5,2,42.06528925619835,2
525.0,22078.0,0,0,2620,5,2,42.053333333333335,2
482.6,20297.2,0,0,2408,5,2,42.05801906340655,2
372.2,15660.4,0,0,1856,5,2,42.075228371843096,2
481.8,20263.6,0,0,2404,5,2,42.05811540058115,2
529.2,22254.4,0,0,2641,5,2,42.05291005291005,2
447.4,18818.8,0,0,2232,5,2,42.062583817612875,2
521.4,21930.4,0,0,2600,5,2,42.06060606060606,2
511.6,21518.8,0,0,2551,5,2,42.06176700547302,2
479.8,20179.6,0,0,2394,5,2,42.05835764902042,2
457.2,19230.4,0,0,2281,5,2,42.06124234470691,2
455.2,19146.4,0,0,2271,5,2,42.06151142355009,2
471.2,19818.4,0,0,2351,5,2,42.059422750424446,2
477.0,20062.0,0,0,2380,5,2,42.058700209643604,2
473.0,19894.0,0,0,2360,5,2,42.059196617336156,2
369.6,15551.2,0,0,1843,5,2,42.07575757575758,2
481.8,20267.2,0,0,2402,5,2,42.06558738065588,2
478.8,20137.6,0,0,2389,5,2,42.058479532163744,2
471.0,19810.0,0,0,2350,5,2,42.05944798301486,2
496.4,20876.8,0,0,2477,5,2,42.05640612409347,2
480.0,20188.0,0,0,2395,5,2,42.05833333333333,2
432.0,18172.0,0,0,2155,5,2,42.06481481481482,2
466.8,19633.6,0,0,2329,5,2,42.05998286203942,2
493.4,20754.4,0,0,2460,5,2,42.06404539927037,2
463.0,19477.6,0,0,2308,5,2,42.0682505399568,2
514.6,21641.2,0,0,2568,5,2,42.05441119315974,2
489.6,20591.2,0,0,2443,5,2,42.05718954248366,2
507.0,21322.0,0,0,2530,5,2,42.05522682445759,2
442.8,18625.6,0,0,2209,5,2,42.06323396567299,2
461.8,19423.6,0,0,2304,5,2,42.0606323083586,2
500.4,21048.4,0,0,2495,5,2,42.06314948041567,2
507.8,21355.6,0,0,2534,5,2,42.05513981882631,2
479.2,20154.4,0,0,2391,5,2,42.058430717863104,2
264.8,11166.4,0,0,1316,8,2,42.16918429003021,2
469.4,19746.4,0,0,2340,5,2,42.06731998295697,2
474.4,19952.8,0,0,2367,5,2,42.05902192242833,2
494.4,20796.4,0,0,2465,5,2,42.06391585760518,2
504.0,21196.0,0,0,2515,5,2,42.05555555555556,2
494.6,20801.2,0,0,2468,5,2,42.056611403154065,2
449.6,18911.2,0,0,2243,5,2,42.062277580071175,2
481.4,20246.8,0,0,2402,5,2,42.05816368923972,2
496.6,20885.2,0,0,2478,5,2,42.056383407168745,2
493.6,20936.4,0,0,2459,5,3,42.41572123176661,2
459.8,19339.6,0,0,2294,5,2,42.06089604175729,2
474.4,19960.0,0,0,2365,5,2,42.07419898819562,2
477.2,20074.0,0,0,2379,5,2,42.066219614417435,2
397.0,16702.0,0,0,1980,5,2,42.07052896725441,2
497.8,20935.6,0,0,2484,5,2,42.056247488951385,2
487.0,20482.0,0,0,2430,5,2,42.05749486652977,2
486.8,20473.6,0,0,2429,5,2,42.05751848808546,2
464.6,19544.8,0,0,2316,5,2,42.06801549720189,2
442.2,18600.4,0,0,2206,5,2,42.0633197648123,2
476.8,20053.6,0,0,2379,5,2,42.058724832214764,2
457.4,19242.4,0,0,2280,5,2,42.06908613904679,2
498.2,20952.4,0,0,2486,5,2,42.05620232838218,2
480.8,20221.6,0,0,2399,5,2,42.05823627287854,2
526.0,22123.6,0,0,2623,5,2,42.060076045627376,2
438.6,18449.2,0,0,2188,5,2,42.063839489284085,2
441.8,18583.6,0,0,2204,5,2,42.06337709370756,2
486.6,20465.2,0,0,2428,5,2,42.057542129058774,2
475.8,20011.6,0,0,2374,5,2,42.058848255569565,2
511.2,21502.0,0,0,2549,5,2,42.061815336463226,2
445.4,18734.8,0,0,2222,5,2,42.062864840592724,2
513.2,21586.0,0,0,2559,5,2,42.061574434918164,2
501.8,21103.6,0,0,2504,5,2,42.05579912315664,2
497.6,20927.2,0,0,2483,5,2,42.056270096463024,2
419.2,17634.4,0,0,2091,5,2,42.06679389312977,2
494.4,20792.8,0,0,2467,5,2,42.05663430420712,2
482.4,20288.8,0,0,2407,5,2,42.05804311774461,2
501.4,21094.0,0,0,2498,5,2,42.0702034303949,2
460.2,19356.4,0,0,2296,5,2,42.060843111690566,2
490.0,20608.0,0,0,2445,5,2,42.05714285714286,2
423.6,17819.2,0,0,2113,5,2,42.066100094428705,2
492.8,20725.6,0,0,2459,5,2,42.05681818181818,2
475.2,19986.4,0,0,2371,5,2,42.05892255892256,2
69.6,2956.8,0,0,342,6,2,42.48275862068966,2
462.8,19472.8,0,0,2305,5,2,42.076058772687986,2
453.4,19070.8,0,0,2262,5,2,42.06175562417292,2
474.2,19944.4,0,0,2366,5,2,42.059046815689584,2
471.2,19818.4,0,0,2351,5,2,42.059422750424446,2
514.4,21632.8,0,0,2567,5,2,42.05443234836703,2
452.2,19020.4,0,0,2256,5,2,42.06191950464396,2
476.0,20020.0,0,0,2375,5,2,42.05882352941177,2
481.8,20263.6,0,0,2404,5,2,42.05811540058115,2
409.6,17231.2,0,0,2043,5,2,42.068359375,2
440.6,18536.8,0,0,2196,5,2,42.07172038129823,2
459.4,19326.4,0,0,2290,5,2,42.06878537222464,2
458.0,19264.0,0,0,2285,5,2,42.06113537117904,2
500.4,21044.8,0,0,2497,5,2,42.05595523581135,2
485.2,20406.4,0,0,2421,5,2,42.05770816158285,2
479.0,20146.0,0,0,2390,5,2,42.05845511482255,2
463.2,19482.4,0,0,2311,5,2,42.060449050086355,2
465.8,19591.6,0,0,2324,5,2,42.06011163589523,2
442.6,18617.2,0,0,2208,5,2,42.06326253953909,2
437.6,18410.8,0,0,2181,5,2,42.07221206581353,2
417.2,17554.0,0,0,2079,5,2,42.07574304889741,2
470.2,19776.4,0,0,2346,5,2,42.059549128030625,2
441.0,18550.0,0,0,2200,5,2,42.06349206349206,2
397.0,16702.0,0,0,1980,5,2,42.07052896725441,2
466.4,19616.8,0,0,2327,5,2,42.06003430531732,2
425.8,17911.6,0,0,2124,5,2,42.065758572099575,2
392.6,16517.2,0,0,1958,5,2,42.071319409067755,2
346.4,14576.8,0,0,1727,5,2,42.08083140877598,2
376.2,15832.0,0,0,1874,5,2,42.08399787347156,2
430.4,18108.4,0,0,2145,5,2,42.07342007434944,2
417.4,17558.8,0,0,2082,5,2,42.067081935793006,2
505.8,21271.6,0,0,2524,5,2,42.055357848952156,2
450.2,18936.4,0,0,2246,5,2,42.062194580186585,2
458.2,19276.0,0,0,2284,5,2,42.06896551724138,2
463.8,19507.6,0,0,2314,5,2,42.060370849504096,2
478.6,20129.2,0,0,2388,5,2,42.058503969912245,2
466.8,19633.6,0,0,2329,5,2,42.05998286203942,2
430.8,18125.2,0,0,2147,5,2,42.073351903435466,2
465.6,19583.2,0,0,2323,5,2,42.060137457044675,2
421.0,17713.6,0,0,2098,5,2,42.0750593824228,2
459.6,19331.2,0,0,2293,5,2,42.0609225413403,2
402.4,16928.8,0,0,2007,5,2,42.06958250497018,2
451.8,19007.2,0,0,2252,5,2,42.06994245241257,2
477.2,20240.0,0,0,2379,5,3,42.4140821458508,2
426.4,17940.4,0,0,2125,5,2,42.074108818011254,2
483.6,20339.2,0,0,2413,5,2,42.05789909015716,2
462.6,19457.2,0,0,2308,5,2,42.06052745352356,2
447.4,18822.4,0,0,2230,5,2,42.07063030844881,2
412.4,17352.4,0,0,2055,5,2,42.07662463627546,2
433.2,18222.4,0,0,2161,5,2,42.064635272391506,2
442.0,18592.0,0,0,2205,5,2,42.06334841628959,2
409.2,17218.0,0,0,2039,5,2,42.0772238514174,2
463.4,19490.8,0,0,2312,5,2,42.06042296072508,2
407.0,17122.0,0,0,2030,5,2,42.06879606879607,2
403.6,16979.2,0,0,2013,5,2,42.06937561942517,2
449.8,19098.8,0,0,2241,6,3,42.460649177412186,2
478.6,20140.0,0,0,2384,5,2,42.081069786878395,2
439.0,18466.0,0,0,2190,5,2,42.06378132118451,2
388.2,16336.0,0,0,1934,5,2,42.081401339515715,2
468.8,19717.6,0,0,2339,5,2,42.05972696245734,2
453.6,19082.8,0,0,2261,5,2,42.069664902998234,2
462.2,19440.4,0,0,2306,5,2,42.060579835569015,2
439.0,18466.0,0,0,2190,5,2,42.06378132118451,2
406.2,17088.4,0,0,2026,5,2,42.068931560807485,2
389.2,16374.4,0,0,1941,5,2,42.07194244604317,2
363.0,15277.6,0,0,1808,5,2,42.0870523415978,2
345.0,14518.0,0,0,1720,5,2,42.08115942028986,2
447.4,18818.8,0,0,2232,5,2,42.062583817612875,2
324.0,13634.0,0,0,1614,4,2,42.08024691358025,2
420.0,17671.6,0,0,2093,5,2,42.07523809523809,2
385.2,16206.4,0,0,1921,5,2,42.072689511941846,2
428.6,18029.2,0,0,2138,5,2,42.06532897806813,2
398.2,16752.4,0,0,1986,5,2,42.070316423907585,2
485.0,20398.0,0,0,2420,5,2,42.057731958762886,2
491.4,20670.4,0,0,2450,5,2,42.064306064306066,2
436.8,18373.6,0,0,2179,5,2,42.06410256410256,2
472.0,19852.0,0,0,2355,5,2,42.059322033898304,2
473.2,19902.4,0,0,2361,5,2,42.05917159763314,2
428.0,18007.6,0,0,2133,5,2,42.07383177570093,2
380.2,16000.0,0,0,1894,5,2,42.08311415044713,2
320.2,13476.4,0,0,1596,5,2,42.08744534665834,2
423.6,17819.2,0,0,2113,5,2,42.066100094428705,2
921.8,40332.0,0,0,0,4609,2,43.75352571056629,3
3241.6,141608.4,0,0,0,16208,2,43.684723593287266,3
2699.4,133958.4,0,0,1,13494,2,49.6252500555679,3
3248.4,164347.2,0,0,0,16241,2,50.5932766900628,3
3074.4,137916.0,0,0,0,15372,2,44.859484777517565,3
3150.0,136670.4,0,0,0,15750,2,43.38742857142857,3
3247.6,140683.2,0,0,0,16238,2,43.319127971425054,3
3027.4,132097.2,0,0,0,15137,2,43.633877254409725,3
3440.2,149632.8,0,0,0,17201,2,43.49537817568746,3
2888.8,126146.4,0,0,0,14444,2,43.66740515092772,3
3061.6,146187.6,0,0,0,15308,2,47.74875881891821,3
3028.2,131958.0,0,0,0,15141,2,43.576382009114326,3
3187.4,153793.2,0,0,0,15935,2,48.2503607956328,3
3241.4,163969.6,0,0,1,16205,2,50.5860430678102,3
2777.0,140635.2,0,0,0,13883,2,50.6428519985596,3
3368.6,170320.8,0,0,0,16843,2,50.561301430861484,3
3548.2,169479.6,0,0,0,17741,2,47.76495124288372,3
3398.6,147997.2,0,0,0,16993,2,43.546519154946154,3
2608.8,113590.8,0,0,0,13044,2,43.54139834406624,3
3323.2,144585.6,0,0,0,16616,2,43.50794415021666,3
3388.4,147507.6,0,0,0,16941,2,43.53311297367489,3
3210.8,139922.4,0,0,0,16054,2,43.57867198206055,3
2521.0,118921.2,0,0,0,12605,2,47.172233240777466,3
3397.2,171565.2,0,0,0,16984,2,50.5019427764041,3
3557.8,179646.0,0,0,0,17789,2,50.49356343807971,3
3449.0,174133.2,0,0,0,17245,2,50.488025514641926,3
3436.8,173660.4,0,0,0,17184,2,50.52967877094972,3
3461.2,174721.2,0,0,0,17306,2,50.479949150583614,3
2466.4,107131.2,0,0,0,12332,2,43.436263379824844,3
4024.2,174499.2,0,0,0,20121,2,43.36245713433726,3
3535.4,154124.4,0,0,0,17677,2,43.59461447078124,3
3466.8,151160.4,0,0,0,17334,2,43.60228452751817,3
3362.4,146548.8,0,0,0,16812,2,43.58458244111349,3
3508.4,152864.4,0,0,0,17542,2,43.57097252308745,3
2281.0,99085.2,0,0,0,11405,2,43.4393686979395,3
3453.8,150495.6,0,0,0,17269,2,43.57391858243095,3
3418.4,148926.0,0,0,0,17092,2,43.56599578750293,3
3367.0,146925.6,0,0,0,16835,2,43.636946836946834,3
2690.8,117564.0,0,0,0,13454,2,43.691095584956145,3
3390.8,161504.4,0,0,0,16954,2,47.63017576972986,3
3594.6,181778.4,0,0,0,17969,2,50.56985478217326,3
3253.2,147168.0,0,0,0,16266,2,45.237919586868315,3
3361.6,159108.0,0,0,0,16808,2,47.33103284150405,3
1650.8,83478.0,0,0,0,8254,2,50.56820935304095,3
3342.6,169099.2,0,0,0,16713,2,50.58912224017232,3
3514.8,177879.6,0,0,0,17574,2,50.60874018436326,3
2620.4,114520.8,0,0,0,13100,2,43.703556708899406,3
3642.6,159775.2,0,0,0,18213,2,43.86295503211991,3
2933.2,128292.0,0,0,0,14666,2,43.73789717714442,3
2048.8,90510.0,0,0,0,10244,2,44.17707926591175,3
1972.6,86996.4,0,0,0,9863,2,44.10240292000405,3
1747.8,77209.2,0,0,0,8739,2,44.1750772399588,3
2109.4,92666.4,0,0,0,10547,2,43.93021712335261,3
1985.6,87402.0,0,0,0,9928,2,44.017929089443996,3
2107.6,92497.2,0,0,0,10538,2,43.88745492503321,3
1940.8,85915.4,0,0,1,9703,2,44.26803380049464,3
2140.0,94164.0,0,0,0,10700,2,44.001869158878506,3
2105.2,92749.2,0,0,0,10526,2,44.05719171575147,3
2091.6,91994.4,0,0,0,10458,2,43.982788296041306,3
2464.4,108346.8,0,0,0,12322,2,43.96477844505762,3
2481.2,108951.6,0,0,0,12406,2,43.91084958890859,3
2145.2,94206.0,0,0,0,10726,2,43.91478650009323,3
4429.2,193672.8,0,0,0,22146,2,43.726361419669466,3
3585.2,156172.8,0,0,0,17926,2,43.56041503960727,3
1661.8,85149.6,0,0,0,8309,2,51.23937898664099,3
2391.0,105577.2,0,0,0,11955,2,44.15608531994981,3
356.6,18426.0,0,0,0,1783,2,51.67134043746495,3
5125.6,239899.2,0,0,0,25628,2,46.804120493210554,3
5006.2,218756.4,0,0,0,25031,2,43.697095601454194,3
5398.6,236238.0,0,0,0,26993,2,43.75912273552402,3
4760.4,208890.0,0,0,0,23802,2,43.880766322157804,3
3071.6,137168.4,0,0,0,15358,2,44.656986586795156,3
3890.2,169396.8,0,0,0,19451,2,43.544496426918926,3
3619.0,158240.4,0,0,0,18095,2,43.724896380215526,3
3936.6,172098.0,0,0,0,19683,2,43.71742112482853,3
3944.2,176906.4,0,0,0,19718,2,44.852289437655294,3
3807.8,165493.2,0,0,0,19039,2,43.46163138820316,3
2987.8,130308.0,0,0,0,14939,2,43.613361001405714,3
3648.6,158936.4,0,0,0,18243,2,43.560927479033055,3
2959.2,128923.2,0,0,0,14796,2,43.5669099756691,3
2794.8,122094.0,0,0,0,13974,2,43.68613138686131,3
2366.8,103279.2,0,0,0,11834,2,43.63664018928511,3
3034.2,132602.4,0,0,0,15171,2,43.702590468657306,3
3155.6,137622.0,0,0,0,15778,2,43.61199138040309,3
3137.2,136903.2,0,0,0,15686,2,43.63865867652684,3
2882.6,125893.2,0,0,0,14413,2,43.67348921112884,3
2372.6,103378.8,0,0,0,11863,2,43.571946387928854,3
2930.0,127833.6,0,0,0,14650,2,43.629215017064844,3
2929.2,127285.2,0,0,0,14646,2,43.45391233101188,3
2757.6,120103.2,0,0,0,13788,2,43.55352480417755,3
2534.4,110253.6,0,0,0,12672,2,43.50284090909091,3
1850.8,82053.6,0,0,0,9254,2,44.334125783444996,3
2370.0,103496.4,0,0,0,11850,2,43.66936708860759,3
2174.0,94764.0,0,0,0,10870,2,43.58969641214352,3
2751.4,125750.4,0,0,0,13755,2,45.70415061423275,3
3131.4,136429.2,0,0,0,15657,2,43.5681164974133,3
3069.2,133762.8,0,0,0,15346,2,43.582301576958166,3
3052.0,133180.8,0,0,0,15260,2,43.63722149410223,3
3170.0,137874.0,0,0,0,15850,2,43.49337539432177,3
3284.4,142981.2,0,0,0,16422,2,43.53343076360979,3
2096.6,91329.6,0,0,0,10483,2,43.56081274444338,3
3242.4,140544.0,0,0,0,16212,2,43.345669874167285,3
3297.0,143370.0,0,0,0,16485,2,43.484986351228386,3
3051.2,140059.2,0,0,0,15253,2,45.902988987939175,3
3406.6,148293.6,0,0,0,17033,2,43.53126284271708,3
3395.6,147914.4,0,0,0,16978,2,43.56060784544705,3
3855.4,167254.8,0,0,0,19277,2,43.381957773512475,3
3836.0,166544.4,0,0,0,19180,2,43.41616266944734,3
3935.4,179611.2,0,0,0,19677,2,45.639884128678155,3
3705.2,160881.6,0,0,0,18526,2,43.42049012199072,3
3807.0,165168.0,0,0,0,19035,2,43.385342789598106,3
3710.6,161360.4,0,0,0,18553,2,43.486336441545845,3
3124.4,138165.6,0,0,0,15622,2,44.221482524644735,3
1832.8,86377.2,0,0,0,9162,2,47.12854648625054,3
4595.4,201092.4,0,0,0,22977,2,43.75949862906385,3
4256.2,186468.0,0,0,0,21281,2,43.81091114139373,3
3835.0,166858.8,0,0,0,19175,2,43.50946544980443,3
4456.6,229639.2,0,0,0,22283,2,51.527891217520086,3
3760.6,163856.4,0,0,0,18803,2,43.57187682816572,3
4077.0,177368.4,0,0,0,20385,2,43.504635761589405,3
3618.4,157614.0,0,0,0,18092,2,43.55903161618395,3
4007.0,173802.0,0,0,0,20035,2,43.37459445969553,3
3557.4,154602.0,0,0,0,17787,2,43.45926800472255,3
4338.4,188624.4,0,0,0,21692,2,43.47787202655357,3
3765.2,163909.2,0,0,0,18826,2,43.53266758737916,3
4578.8,208156.8,0,0,0,22894,2,45.46099414693806,3
4140.6,211550.4,0,0,0,20703,2,51.09172583683524,3
4955.4,254800.8,0,0,0,24777,2,51.41881583726843,3
4676.6,218701.2,0,0,0,23383,2,46.76500021383056,3
4177.4,181380.0,0,0,0,20887,2,43.41935174989228,3
4660.0,224782.8,0,0,0,23300,2,48.23665236051502,3
4472.8,210825.6,0,0,0,22362,2,47.135038454659274,3
4237.6,183987.6,0,0,0,21188,2,43.41787804417595,3
4065.8,180166.8,0,0,0,20329,2,44.312755177332875,3
4338.4,196029.6,0,0,0,21692,2,45.184768578277705,3
4213.6,182634.0,0,0,0,21068,2,43.34393392823239,3
4196.0,181869.6,0,0,0,20980,2,43.34356530028599,3
3639.8,158480.4,0,0,0,18199,2,43.54096378921919,3
3530.2,153499.2,0,0,0,17651,2,43.48172908050535,3
2226.0,96721.2,0,0,0,11130,2,43.45067385444744,3
3742.4,162703.2,0,0,0,18712,2,43.47563061137238,3
4194.2,198138.0,0,0,0,20971,2,47.24095179056793,3
4357.8,215013.6,0,0,0,21789,2,49.339942172655924,3
3741.6,162414.0,0,0,0,18708,2,43.40763309813983,3
4717.6,244028.4,0,0,0,23588,2,51.72723418687468,3
4482.8,215032.8,0,0,0,22414,2,47.96841259926831,3
2184.4,97184.4,0,0,0,10922,2,44.49020325947629,3
3951.6,172591.2,0,0,0,19758,2,43.67628302459763,3
3360.4,146396.4,0,0,0,16801,2,43.56517081299845,3
2309.0,103839.6,0,0,0,11545,2,44.9716760502382,3
4836.4,212636.4,0,0,0,24182,2,43.9658423620875,3
4062.2,177592.8,0,0,0,20311,2,43.71837920338733,3
3788.6,164827.2,0,0,0,18943,2,43.506097239085676,3
3580.0,156778.8,0,0,0,17900,2,43.79296089385475,3
3400.8,147772.8,0,0,0,17004,2,43.45236414961185,3
4131.0,179629.2,0,0,0,20655,2,43.48322440087146,3
3381.2,147309.6,0,0,0,16906,2,43.56725422926772,3
4195.6,181885.2,0,0,0,20978,2,43.35141576890075,3
3753.6,182260.8,0,0,0,18768,2,48.55626598465473,3
3807.2,165360.0,0,0,0,19036,2,43.43349443160328,3
3205.4,139198.8,0,0,0,16027,2,43.42634304610969,3
3878.8,168478.8,0,0,0,19394,2,43.43580488810972,3
3581.0,155841.6,0,0,0,17905,2,43.51901703434795,3
4012.6,174177.6,0,0,0,20063,2,43.40766585256442,3
3235.8,140698.8,0,0,0,16179,2,43.481921008715,3
3994.0,173626.8,0,0,0,19970,2,43.47190786179269,3
3931.2,170744.4,0,0,0,19656,2,43.43315018315018,3
3185.0,138302.4,0,0,0,15925,2,43.423045525902666,3
4141.0,184718.4,0,0,0,20705,2,44.60719632938903,3
4037.8,175657.2,0,0,0,20189,2,43.503194809054435,3
3975.4,173194.8,0,0,0,19877,2,43.566634804044874,3
3990.6,173912.4,0,0,0,19953,2,43.580514208389715,3
2937.2,137427.6,0,0,0,14686,2,46.78864224431431,3
3270.8,142410.0,0,0,0,16354,2,43.53980677510089,3
2818.6,123007.2,0,0,0,14093,2,43.641240332079754,3
3881.6,168729.6,0,0,0,19408,2,43.469084913437754,3
4308.6,187318.8,0,0,0,21543,2,43.47556050689319,3
4273.2,185536.8,0,0,0,21366,2,43.418702611625946,3
2927.0,128442.0,0,0,0,14635,2,43.88179022890331,3
4819.2,246467.6,0,0,2,24094,3,51.142845285524565,3
2858.6,122570.4,0,0,0,14293,2,42.877772336108585,3
3673.0,159266.4,0,0,0,18365,2,43.361393955894364,3
3279.0,141904.8,0,0,0,16394,2,43.27685269899359,3
3826.2,166068.0,0,0,0,19131,2,43.40285400658617,3
4299.6,186379.2,0,0,0,21498,2,43.34803237510466,3
4096.8,177649.2,0,0,0,20484,2,43.36291739894552,3
2065.0,89412.0,0,0,0,10325,2,43.29878934624697,3
4147.2,179762.4,0,0,0,20736,2,43.345486111111114,3
4257.6,184532.4,0,0,0,21288,2,43.34188275084555,3
4614.4,200338.8,0,0,0,23072,2,43.416002080443825,3
3841.2,188510.4,0,0,0,19205,2,49.0759137769447,3
558.0,24656.4,0,0,0,2790,2,44.18709677419355,3
4765.0,209180.4,0,0,0,23824,2,43.89934942287513,3
4646.8,203406.0,0,0,0,23234,2,43.773349401738834,3
4304.6,188576.4,0,0,0,21523,2,43.80811225200948,3
4663.6,204475.2,0,0,0,23318,2,43.844926666094864,3
4090.6,178206.0,0,0,0,20453,2,43.56475822617709,3
4181.8,182378.4,0,0,0,20908,2,43.61241570615525,3
3644.4,158468.4,0,0,0,18222,2,43.48271320381956,3
4015.8,174571.2,0,0,0,20079,2,43.47108919766921,3
3416.4,148975.2,0,0,0,17082,2,43.6059009483667,3
3955.4,172264.8,0,0,0,19777,2,43.55180259897861,3
3764.8,163395.6,0,0,0,18824,2,43.400871228219295,3
2193.8,96243.6,0,0,0,10969,2,43.87072659312608,3
1931.4,85021.2,0,0,0,9657,2,44.020503261882574,3
2106.6,92293.2,0,0,0,10533,2,43.81144972942182,3
1847.8,81294.0,0,0,0,9239,2,43.995021106180324,3
1959.2,86001.6,0,0,0,9796,2,43.89628419763169,3
3649.4,160104.0,0,0,0,18247,2,43.871321313092565,3
4363.8,190569.6,0,0,0,21819,2,43.67056235391173,3
3995.8,174166.8,0,0,0,19979,2,43.58746684018219,3
3160.6,137443.2,0,0,0,15803,2,43.48642662785547,3
4006.2,174506.4,0,0,0,20031,2,43.55908342069792,3
4051.8,176576.4,0,0,0,20259,2,43.57974233673923,3
4040.8,176280.0,0,0,0,20204,2,43.625024747574734,3
4205.8,183026.4,0,0,0,21029,2,43.517618526796326,3
2821.4,122934.0,0,0,0,14107,2,43.571985539094065,3
4437.8,203962.8,0,0,0,22189,2,45.960340709360494,3
